timestamp,participant_full_id,user_text,ai_text,ai_strategy,EDA,PR,SkinTemp,ACCEL,ACT_CLASS,ACT_COUNT,ACT_INT,MET,PRV,RESP,SLEEP,STEPS,WEAR,BODY_POS_LEFT,BODY_POS_RIGHT,ACTI_X,ACTI_Y,ACTI_Z,ACTIG_X,ACTIG_Y,ACTIG_Z
2026-07-09T18:00:00,8,I've been struggling to perform well in athletics.,"I'm sorry to hear that. It can be really discouraging when you're putting in effort but not seeing the results you hoped for. It sounds like this has been weighing on you and making you question your abilities. Can you tell me what's been happeningâare you struggling with training, competitions, or motivation?"," Emotional Support,Active Listening","[0.18, 0.19, 0.19]","[78.0, 77.0, 80.0]","[31.88, 31.85, 31.8]","[0.014, 0.029, 0.018]","['generic', 'generic', 'generic']","[48.0, 61.0, 58.0]","['sedentary', 'LPA', 'sedentary']","[0.95, 2.12, 0.95]","[nan, nan, nan]","[nan, nan, nan]","[0.0, 0.0, 0.0]","[0.0, 0.0, 0.0]","[100.0, 100.0, 100.0]","['standing', 'standing', 'standing']","['sitting_reclining_lying', 'sitting_reclining_lying', 'sitting_reclining_lying']","[15.0, 46.0, 19.0]","[48.0, 62.0, 49.0]","[22.0, 34.0, 27.0]","[85.0, 165.0, 60.0]","[66.0, 359.0, 136.0]","[29.0, 258.0, 59.0]"
2026-07-09T18:03:00,8,"There are many problems that have become hurdles for me. For starters, I don't have enough time to practice while juggling all of my club activities, academics, placements, and other responsibilities.",That sounds like a really difficult position to be in. Trying to balance so many important responsibilities can leave you feeling like there just isn't enough time to give your sport the attention it deserves. It seems like your struggle isn't a lack of commitment but having too many competing priorities.,"Reflection, Emotional Support","[0.19, 0.18, 0.19]","[73.0, 77.0, 78.0]","[31.75, 31.72, 31.77]","[0.006, 0.014, 0.032]","['still', 'generic', 'generic']","[25.0, 59.0, 83.0]","['sedentary', 'sedentary', 'sedentary']","[0.95, 0.95, 1.59]","[nan, nan, nan]","[nan, nan, nan]","[0.0, 0.0, 0.0]","[0.0, 0.0, 0.0]","[100.0, 100.0, 100.0]","['standing', 'standing', 'standing']","['sitting_reclining_lying', 'sitting_reclining_lying', 'sitting_reclining_lying']","[0.0, 10.0, 23.0]","[13.0, 54.0, 91.0]","[5.0, 28.0, 53.0]","[0.0, 121.0, 325.0]","[0.0, 33.0, 744.0]","[0.0, 37.0, 302.0]"
2026-07-09T18:06:00,8,"It's not a single activity, and they all seem really important to me. I don't know what to do.","That sounds overwhelming. When everything feels equally important, it's hard to know where to focus, and you can end up feeling like you're falling behind in every area. It may help to accept that you can't give everything your full attention at the same time and decide what deserves your best effort during this phase.",Guidance,"[0.2, 0.2, 0.2]","[78.0, 75.0, 75.0]","[31.77, 31.77, 31.76]","[0.012, 0.016, 0.016]","['generic', 'generic', 'generic']","[25.0, 60.0, 55.0]","['sedentary', 'sedentary', 'sedentary']","[0.95, 0.95, 0.95]","[nan, nan, nan]","[nan, nan, nan]","[0.0, 0.0, 0.0]","[0.0, 0.0, 0.0]","[100.0, 100.0, 100.0]","['standing', 'standing', 'standing']","['sitting_reclining_lying', 'sitting_reclining_lying', 'sitting_reclining_lying']","[3.0, 12.0, 22.0]","[18.0, 36.0, 49.0]","[4.0, 25.0, 23.0]","[65.0, 13.0, 97.0]","[90.0, 243.0, 117.0]","[300.0, 245.0, 90.0]"
2026-07-09T18:09:00,8,So you're suggesting that I continue doing everything at 50%?,Not necessarily. The goal isn't to do everything halfway. It's to recognize that some responsibilities have greater long-term consequences right now. Temporarily prioritizing one area doesn't mean giving up on the othersâit means making a thoughtful trade-off based on your current situation.,Problem Solving,"[0.2, 0.2, 0.2]","[77.0, 78.0, 79.0]","[31.78, 31.82, 31.84]","[0.017, 0.012, 0.01]","['generic', 'generic', 'generic']","[66.0, 43.0, 21.0]","['sedentary', 'sedentary', 'sedentary']","[0.95, 0.95, 0.95]","[nan, nan, nan]","[nan, nan, nan]","[0.0, 0.0, 0.0]","[0.0, 0.0, 0.0]","[100.0, 100.0, 100.0]","['standing', 'standing', 'standing']","['sitting_reclining_lying', 'sitting_reclining_lying', 'sitting_reclining_lying']","[22.0, 5.0, 8.0]","[57.0, 55.0, 36.0]","[13.0, 10.0, 7.0]","[138.0, 36.0, 30.0]","[77.0, 21.0, 54.0]","[144.0, 10.0, 20.0]"
2026-07-09T18:12:00,8,That's true. Academics and placements should be the most important right now.,"I think that's a thoughtful realization. It doesn't make athletics any less meaningfulâit simply acknowledges that academics and placements have deadlines that are harder to postpone. Rather than aiming for peak athletic performance right now, consider maintaining whatever level of activity your schedule realistically allows.","Affirmation, Reflection","[0.21, 0.21, 0.21]","[79.0, 74.0, 78.0]","[31.84, 31.83, 31.8]","[0.012, 0.011, 0.011]","['generic', 'generic', 'generic']","[39.0, 41.0, 38.0]","['sedentary', 'sedentary', 'sedentary']","[0.95, 0.95, 0.95]","[nan, nan, nan]","[nan, nan, nan]","[0.0, 0.0, 0.0]","[0.0, 0.0, 0.0]","[100.0, 100.0, 100.0]","['standing', 'standing', 'standing']","['sitting_reclining_lying', 'sitting_reclining_lying', 'sitting_reclining_lying']","[4.0, 5.0, 9.0]","[51.0, 31.0, 31.0]","[25.0, 15.0, 15.0]","[50.0, 14.0, 13.0]","[49.0, 35.0, 54.0]","[42.0, 10.0, 121.0]"
2026-07-09T18:15:00,8,"So staying consistent, but with my busy schedule it's tough to get it to work.","I understand. When your schedule is already full, even trying to stay consistent can feel like another burden. It may help to accept that this is a temporary phase where athletics naturally takes a smaller role. Giving yourself permission to prioritize other responsibilities without guilt can ease some of the pressure.","Emotional Support, Stress Management","[0.21, 0.21, 0.21]","[76.0, 77.0, 76.0]","[31.78, 31.82, 31.81]","[0.012, 0.016, 0.02]","['generic', 'generic', 'generic']","[46.0, 57.0, 55.0]","['sedentary', 'sedentary', 'sedentary']","[0.95, 0.95, 0.95]","[nan, nan, nan]","[nan, nan, nan]","[0.0, 0.0, 0.0]","[0.0, 0.0, 0.0]","[100.0, 100.0, 100.0]","['standing', 'standing', 'standing']","['sitting_reclining_lying', 'sitting_reclining_lying', 'sitting_reclining_lying']","[6.0, 15.0, 14.0]","[27.0, 57.0, 56.0]","[16.0, 37.0, 39.0]","[8.0, 50.0, 133.0]","[67.0, 140.0, 109.0]","[81.0, 105.0, 42.0]"
2026-07-09T18:18:00,8,"My injuries are also holding me back. My left ankle has become prone to getting injured, and I'm worried.","It's understandable to feel worried when an injury keeps coming back, especially in a sport you care about. Recurrent ankle injuries can affect both your physical performance and your confidence. It may be a sign that your ankle needs proper rehabilitation and enough time to recover before returning to full training.", Practical Guidance,"[0.21, 0.22, 0.22]","[75.0, 75.0, 74.0]","[31.76, 31.71, 31.68]","[0.017, 0.014, 0.02]","['generic', 'generic', 'generic']","[55.0, 55.0, 61.0]","['sedentary', 'sedentary', 'sedentary']","[0.95, 0.95, 0.95]","[nan, nan, nan]","[nan, nan, nan]","[0.0, 0.0, 0.0]","[5.0, 0.0, 0.0]","[100.0, 100.0, 100.0]","['standing', 'standing', 'standing']","['sitting_reclining_lying', 'sitting_reclining_lying', 'sitting_reclining_lying']","[17.0, 12.0, 24.0]","[80.0, 55.0, 102.0]","[52.0, 45.0, 51.0]","[17.0, 5.0, 88.0]","[347.0, 150.0, 117.0]","[304.0, 140.0, 96.0]"
2026-07-09T18:21:00,8,Are you saying that it may be more serious than I'm assuming?,Not necessarily. I'm not saying it's definitely a serious injury. Recurring ankle problems often happen because the ankle hasn't fully regained its strength or stability after a previous injury. Getting it assessed is simply a way to prevent it from becoming a longer-term issue.,"Reassurance, Education","[0.22, 0.22, 0.22]","[75.0, 76.0, 75.0]","[31.67, 31.67, 31.73]","[0.014, 0.008, 0.009]","['generic', 'generic', 'generic']","[54.0, 19.0, 26.0]","['sedentary', 'sedentary', 'sedentary']","[0.95, 0.95, 0.95]","[nan, nan, nan]","[nan, nan, nan]","[0.0, 0.0, 0.0]","[0.0, 0.0, 0.0]","[100.0, 100.0, 100.0]","['standing', 'standing', 'standing']","['sitting_reclining_lying', 'sitting_reclining_lying', 'sitting_reclining_lying']","[12.0, 0.0, 6.0]","[70.0, 39.0, 26.0]","[25.0, 14.0, 13.0]","[54.0, 0.0, 0.0]","[8.0, 19.0, 31.0]","[10.0, 5.0, 16.0]"
2026-07-09T18:24:00,8,I'm losing time though. I need to get better.,"I can understand why that feels difficult. When you're passionate about your sport, recovery can feel like you're falling behind everyone else. At the same time, rushing back too soon may cost you even more time if the injury returns. Try thinking of rehabilitation as part of your training rather than time away from it.",Motivation,"[0.22, 0.22, 0.22]","[76.0, 81.0, 82.0]","[31.8, 31.83, 31.84]","[0.007, 0.011, 0.015]","['generic', 'generic', 'generic']","[17.0, 29.0, 59.0]","['sedentary', 'sedentary', 'sedentary']","[0.95, 0.95, 0.95]","[nan, nan, nan]","[nan, nan, nan]","[0.0, 0.0, 0.0]","[0.0, 0.0, 0.0]","[100.0, 100.0, 100.0]","['standing', 'standing', 'standing']","['sitting_reclining_lying', 'sitting_reclining_lying', 'sitting_reclining_lying']","[2.0, 6.0, 14.0]","[17.0, 18.0, 66.0]","[8.0, 17.0, 12.0]","[16.0, 18.0, 14.0]","[21.0, 18.0, 163.0]","[9.0, 2.0, 29.0]"
2026-07-09T18:27:00,8,"Alright, do you have a recovery plan I could follow?","Begin by allowing the ankle to settle if it's painful or swollen, then gradually restore mobility with gentle movement and stretching. Progress to strengthening exercises like heel raises and resistance-band work, followed by balance training on one leg. Return to football only after you can walk, jog, and change direction comfortably without pain, and continue rehab even after you feel better.",Practical Guidance,"[0.22, 0.21, 0.22]","[77.0, 71.0, 70.0]","[31.82, 31.78, 31.77]","[0.03, 0.036, 0.009]","['generic', 'generic', 'still']","[104.0, 45.0, 12.0]","['LPA', 'LPA', 'sedentary']","[1.77, 2.95, 0.95]","[nan, nan, nan]","[nan, nan, nan]","[0.0, 0.0, 0.0]","[10.0, 6.0, 0.0]","[100.0, 100.0, 100.0]","['standing', 'miscellaneous', 'standing']","['sitting_reclining_lying', 'sitting_reclining_lying', 'sitting_reclining_lying']","[24.0, 46.0, 11.0]","[94.0, 119.0, 25.0]","[62.0, 56.0, 36.0]","[794.0, 806.0, 98.0]","[1242.0, 943.0, 331.0]","[891.0, 887.0, 183.0]"
2026-07-09T18:30:00,8,"Also, I'm having confidence issues while playing.","That makes a lot of sense. Injuries and reduced training often make athletes doubt themselves and hesitate during games. Confidence usually returns through repeated positive experiences, so focus on one small goal each session instead of expecting yourself to perform at your previous level immediately.","Emotional Support, Reflection","[0.22, 0.2, 0.21]","[74.0, 78.0, 71.0]","[31.81, 31.86, 31.9]","[0.025, 0.05, 0.018]","['generic', 'generic', 'generic']","[35.0, 93.0, 80.0]","['LPA', 'LPA', 'LPA']","[1.78, 2.48, 2.32]","[nan, nan, nan]","[nan, nan, nan]","[0.0, 0.0, 0.0]","[5.0, 27.0, 34.0]","[100.0, 100.0, 100.0]","['miscellaneous', 'sitting_reclining_lying', 'sitting_reclining_lying']","['sitting_reclining_lying', 'sitting_reclining_lying', 'sitting_reclining_lying']","[26.0, 70.0, 49.0]","[82.0, 252.0, 171.0]","[56.0, 113.0, 33.0]","[950.0, 928.0, 0.0]","[664.0, 860.0, 22.0]","[1165.0, 821.0, 14.0]"
2026-07-09T18:33:00,8,"I feel that I used to play much better than I do now, and that the people around me are surpassing me easily.","That sounds really painful. You're comparing your current selfâwho is managing injuries, academics, placements, and other responsibilitiesâto a version of yourself who had very different circumstances. Instead of comparing yourself to others or to your past, try asking whether you're making the best decisions possible with the situation you're in today.","Emotional Support, Reflection","[0.22, 0.18, 0.1]","[73.0, 75.0, 74.0]","[31.96, 31.95, 31.92]","[0.022, 0.03, 0.012]","['walking', 'generic', 'walking']","[49.0, 52.0, 22.0]","['LPA', 'LPA', 'sedentary']","[1.89, 2.3, 1.31]","[nan, nan, nan]","[nan, nan, nan]","[0.0, 0.0, 0.0]","[33.0, 7.0, 0.0]","[100.0, 100.0, 100.0]","['sitting_reclining_lying', 'sitting_reclining_lying', 'sitting_reclining_lying']","['sitting_reclining_lying', 'sitting_reclining_lying', 'standing']","[34.0, 24.0, 14.0]","[182.0, 84.0, 30.0]","[25.0, 60.0, 18.0]","[0.0, 1203.0, 412.0]","[0.0, 1521.0, 269.0]","[0.0, 1782.0, 625.0]"
2026-07-09T18:36:00,8,"It's really difficult to think about today and not the future. Any tips on how I can focus on the presentânot just for sports, but for life?","That's understandable. When you care deeply about your future, your mind naturally keeps looking ahead. Whenever you notice that happening, ask yourself, ""What's one thing I can do in the next 30 minutes that moves me forward?"" Focusing on the next meaningful action can help bring your attention back to what you can control.","Mindfulness, Stress Management","[0.14, 0.15, 0.15]","[76.0, 74.0, 72.0]","[31.92, 31.9, 31.88]","[0.047, 0.041, 0.045]","['generic', 'generic', 'generic']","[197.0, 127.0, 98.0]","['LPA', 'LPA', 'LPA']","[1.81, 1.79, 2.21]","[nan, nan, nan]","[nan, nan, nan]","[0.0, 0.0, 0.0]","[75.0, 42.0, 20.0]","[100.0, 100.0, 100.0]","['sitting_reclining_lying', 'sitting_reclining_lying', 'standing']","['sitting_reclining_lying', 'sitting_reclining_lying', 'sitting_reclining_lying']","[20.0, 21.0, 46.0]","[339.0, 186.0, 139.0]","[187.0, 142.0, 59.0]","[48.0, 765.0, 843.0]","[7.0, 636.0, 942.0]","[100.0, 1465.0, 995.0]"
2026-07-09T18:39:00,8,So what should I remember from our conversation?,"Remember that you can't give everything your full attention at once, and that's okay. Prioritize academics and placements for now, treat recovery as part of your athletic journey, stop comparing yourself to your past, and focus on today's actions instead of future outcomes. This phase is temporary and doesn't define your potential.",Motivation,"[0.13, 0.13, 0.15]","[81.0, 76.0, 72.0]","[31.88, 31.86, 31.83]","[0.031, 0.038, 0.01]","['generic', 'generic', 'generic']","[40.0, 56.0, 25.0]","['LPA', 'MPA', 'sedentary']","[1.77, 5.08, 0.95]","[nan, nan, nan]","[nan, nan, nan]","[0.0, 0.0, 0.0]","[0.0, 6.0, 0.0]","[100.0, 100.0, 100.0]","['sitting_reclining_lying', 'standing', 'standing']","['miscellaneous', 'standing', 'sitting_reclining_lying']","[26.0, 21.0, 7.0]","[115.0, 108.0, 47.0]","[53.0, 53.0, 26.0]","[529.0, 631.0, 103.0]","[641.0, 1082.0, 31.0]","[575.0, 754.0, 82.0]"
2026-07-09T18:42:00,8,Is there opportunities for athletes even if they are studying in the engineering field?,"Yes. Engineering doesn't close the door on athletics. You can continue competing through university teams, local clubs, state leagues, corporate tournaments, or amateur competitions after graduation. This phase may require different priorities, but it doesn't mean your athletic journey has to end.","Encouragement, Guidance","[0.15, 0.16, 0.16]","[72.0, 81.0, 75.0]","[31.75, 31.69, 31.62]","[0.014, 0.018, 0.035]","['generic', 'generic', 'generic']","[51.0, 62.0, 59.0]","['sedentary', 'sedentary', 'LPA']","[0.95, 0.98, 2.56]","[nan, nan, nan]","[nan, nan, nan]","[0.0, 0.0, 0.0]","[0.0, 0.0, 6.0]","[100.0, 100.0, 100.0]","['standing', 'standing', 'standing']","['sitting_reclining_lying', 'sitting_reclining_lying', 'sitting_reclining_lying']","[14.0, 21.0, 36.0]","[24.0, 40.0, 69.0]","[19.0, 31.0, 59.0]","[83.0, 389.0, 606.0]","[88.0, 301.0, 1409.0]","[55.0, 375.0, 1175.0]"
2026-07-09T18:45:00,8,"I compete in football, so my ankle is vital.","That adds important context. Football places a lot of stress on the ankles through sprinting, turning, and landing, so it's understandable that you're worried. Right now you're balancing three challenges at once: recovering physically, rebuilding confidence, and managing major academic responsibilities. Don't judge your long-term potential based on one of the hardest phases of your life.",Emotional Support,"[0.15, 0.16, 0.16]","[69.0, 69.0, 70.0]","[31.57, 31.54, 31.4]","[0.026, 0.014, 0.013]","['generic', 'generic', 'generic']","[45.0, 36.0, 27.0]","['LPA', 'sedentary', 'sedentary']","[1.94, 0.95, 0.95]","[nan, nan, nan]","[nan, nan, nan]","[0.0, 0.0, 0.0]","[7.0, 0.0, 0.0]","[100.0, 100.0, 100.0]","['standing', 'standing', 'standing']","['sitting_reclining_lying', 'sitting_reclining_lying', 'sitting_reclining_lying']","[24.0, 18.0, 10.0]","[97.0, 49.0, 29.0]","[63.0, 31.0, 16.0]","[518.0, 58.0, 39.0]","[631.0, 94.0, 163.0]","[550.0, 66.0, 286.0]"
2026-07-09T18:48:00,8,But soon I won't be able to play football at college level.,"I can understand why that hurts. College football is a unique experience, and it's natural to feel sad that this chapter may be coming to an end. At the same time, missing out on college football isn't the same as losing football forever. Try not to rush back from injury out of fear, because protecting your long-term ability to play is more important than forcing one last season.",Emotional Support,"[0.16, 0.15, 0.16]","[72.0, 74.0, 74.0]","[31.36, 31.28, 31.38]","[0.019, 0.022, 0.017]","['generic', 'walking', 'generic']","[60.0, 40.0, 50.0]","['sedentary', 'LPA', 'sedentary']","[0.95, 1.74, 1.0]","[nan, nan, nan]","[nan, nan, nan]","[0.0, 0.0, 0.0]","[0.0, 0.0, 0.0]","[100.0, 100.0, 100.0]","['standing', 'miscellaneous', 'standing']","['sitting_reclining_lying', 'sitting_reclining_lying', 'sitting_reclining_lying']","[18.0, 19.0, 16.0]","[85.0, 45.0, 39.0]","[44.0, 26.0, 42.0]","[28.0, 397.0, 66.0]","[502.0, 487.0, 151.0]","[1276.0, 937.0, 56.0]"
2026-07-09T18:51:00,8,Proving I'm as good as I used to be.,"Thank you for sharing that honestly. It sounds like what you're really seeking is reassurance that the athlete you once were still exists. The challenge is that this can turn every difficult game into proof that you've declined. Instead of trying to become your old self again, consider becoming a new version of yourselfâsomeone who has overcome injuries, balanced engineering with football, and continued growing despite setbacks. If your love for the game remains, your journey is about becoming the best player you can be now, not proving who you used to be.",Identity Support,"[0.16, 0.15]","[70.0, 70.0]","[31.34, 31.27]","[0.011, 0.014]","['generic', 'generic']","[39.0, 37.0]","['sedentary', 'sedentary']","[0.95, 1.0]","[nan, nan]","[nan, nan]","[0.0, 0.0]","[0.0, 0.0]","[100.0, 100.0]","['standing', 'standing']","['sitting_reclining_lying', 'sitting_reclining_lying']","[7.0, 11.0]","[14.0, 21.0]","[16.0, 19.0]","[10.0, 60.0]","[80.0, 152.0]","[25.0, 64.0]"
